timestamp,pod,container,cpu_millicores,memory_mib
2026-09-07T11:58:17.059421+00:00,api-869d8796dd-8ww7r,api,998.01,13.98
2026-09-07T11:58:17.059421+00:00,api-869d8796dd-pkx7w,api,990.57,13.99
2026-09-07T11:58:17.059421+00:00,api-869d8796dd-prd8m,api,774.63,13.88
2026-09-07T11:58:17.059421+00:00,api-869d8796dd-zgm8j,api,989.15,15.05
2026-09-07T11:58:32.075004+00:00,api-869d8796dd-8ww7r,api,986.27,14.18
2026-09-07T11:58:32.075004+00:00,api-869d8796dd-pkx7w,api,779.33,13.79
2026-09-07T11:58:32.075004+00:00,api-869d8796dd-prd8m,api,981.39,13.87
2026-09-07T11:58:32.075004+00:00,api-869d8796dd-zgm8j,api,996.65,15.03
2026-09-07T11:58:47.091012+00:00,api-869d8796dd-8ww7r,api,922.1,13.94
2026-09-07T11:58:47.091012+00:00,api-869d8796dd-pkx7w,api,988.7,13.91
2026-09-07T11:58:47.091012+00:00,api-869d8796dd-prd8m,api,981.39,13.87
2026-09-07T11:58:47.091012+00:00,api-869d8796dd-zgm8j,api,982.06,15.02
2026-09-07T11:59:02.107679+00:00,api-869d8796dd-8ww7r,api,806.71,14.06
2026-09-07T11:59:02.107679+00:00,api-869d8796dd-pkx7w,api,996.75,13.84
2026-09-07T11:59:02.107679+00:00,api-869d8796dd-prd8m,api,770.33,13.77
2026-09-07T11:59:02.107679+00:00,api-869d8796dd-zgm8j,api,690.21,14.86
2026-09-07T11:59:17.134578+00:00,api-869d8796dd-8ww7r,api,998.04,14.06
2026-09-07T11:59:17.134578+00:00,api-869d8796dd-pkx7w,api,551.93,13.87
2026-09-07T11:59:17.134578+00:00,api-869d8796dd-prd8m,api,800.53,14.26
2026-09-07T11:59:17.134578+00:00,api-869d8796dd-zgm8j,api,372.13,14.8
2026-09-07T11:59:32.147625+00:00,api-869d8796dd-8ww7r,api,998.68,14.14
2026-09-07T11:59:32.147625+00:00,api-869d8796dd-pkx7w,api,757.61,13.98
2026-09-07T11:59:32.147625+00:00,api-869d8796dd-prd8m,api,995.9,13.91
2026-09-07T11:59:32.147625+00:00,api-869d8796dd-zgm8j,api,855.01,15.0
2026-09-07T11:59:47.161467+00:00,api-869d8796dd-8ww7r,api,505.28,14.11
2026-09-07T11:59:47.161467+00:00,api-869d8796dd-pkx7w,api,742.78,13.75
2026-09-07T11:59:47.161467+00:00,api-869d8796dd-prd8m,api,751.87,13.86
2026-09-07T11:59:47.161467+00:00,api-869d8796dd-zgm8j,api,680.49,14.96
2026-09-07T12:00:02.216792+00:00,api-869d8796dd-8ww7r,api,998.6,14.18
2026-09-07T12:00:02.216792+00:00,api-869d8796dd-pkx7w,api,284.73,13.89
2026-09-07T12:00:02.216792+00:00,api-869d8796dd-prd8m,api,751.87,13.86
2026-09-07T12:00:02.216792+00:00,api-869d8796dd-zgm8j,api,997.16,14.95
2026-09-07T12:00:17.232859+00:00,api-869d8796dd-8ww7r,api,998.6,14.18
2026-09-07T12:00:17.232859+00:00,api-869d8796dd-pkx7w,api,996.52,14.01
2026-09-07T12:00:17.232859+00:00,api-869d8796dd-prd8m,api,741.49,13.76
2026-09-07T12:00:17.232859+00:00,api-869d8796dd-zgm8j,api,997.73,14.88
2026-09-07T12:00:32.243825+00:00,api-869d8796dd-8ww7r,api,753.37,14.16
2026-09-07T12:00:32.243825+00:00,api-869d8796dd-pkx7w,api,996.37,13.93
2026-09-07T12:00:32.243825+00:00,api-869d8796dd-prd8m,api,983.55,13.84
2026-09-07T12:00:32.243825+00:00,api-869d8796dd-zgm8j,api,995.0,14.97
2026-09-07T12:00:47.258877+00:00,api-869d8796dd-8ww7r,api,997.66,14.19
2026-09-07T12:00:47.258877+00:00,api-869d8796dd-pkx7w,api,996.63,13.82
2026-09-07T12:00:47.258877+00:00,api-869d8796dd-prd8m,api,840.19,13.95
2026-09-07T12:00:47.258877+00:00,api-869d8796dd-zgm8j,api,995.0,14.97
2026-09-07T12:01:02.277371+00:00,api-869d8796dd-8ww7r,api,699.83,14.0
2026-09-07T12:01:02.277371+00:00,api-869d8796dd-pkx7w,api,464.49,13.75
2026-09-07T12:01:02.277371+00:00,api-869d8796dd-prd8m,api,840.19,13.95
2026-09-07T12:01:02.277371+00:00,api-869d8796dd-zgm8j,api,766.97,14.91
2026-09-07T12:01:17.302789+00:00,api-869d8796dd-8ww7r,api,737.36,14.14
2026-09-07T12:01:17.302789+00:00,api-869d8796dd-pkx7w,api,794.97,13.93
2026-09-07T12:01:17.302789+00:00,api-869d8796dd-prd8m,api,996.82,13.96
2026-09-07T12:01:17.302789+00:00,api-869d8796dd-zgm8j,api,996.76,15.01
2026-09-07T12:01:32.316850+00:00,api-869d8796dd-8ww7r,api,668.88,14.15
2026-09-07T12:01:32.316850+00:00,api-869d8796dd-pkx7w,api,998.1,13.78
2026-09-07T12:01:32.316850+00:00,api-869d8796dd-prd8m,api,996.82,13.96
2026-09-07T12:01:32.316850+00:00,api-869d8796dd-zgm8j,api,992.53,14.93
2026-09-07T12:01:47.328630+00:00,api-869d8796dd-8ww7r,api,998.95,14.03
2026-09-07T12:01:47.328630+00:00,api-869d8796dd-pkx7w,api,998.1,13.78
2026-09-07T12:01:47.328630+00:00,api-869d8796dd-prd8m,api,994.92,13.99
2026-09-07T12:01:47.328630+00:00,api-869d8796dd-zgm8j,api,764.09,14.8
2026-09-07T12:02:02.338883+00:00,api-869d8796dd-8ww7r,api,998.55,14.16
2026-09-07T12:02:02.338883+00:00,api-869d8796dd-pkx7w,api,439.97,14.18
2026-09-07T12:02:02.338883+00:00,api-869d8796dd-prd8m,api,998.38,13.8
2026-09-07T12:02:02.338883+00:00,api-869d8796dd-zgm8j,api,577.83,14.94
2026-09-07T12:02:17.454101+00:00,api-869d8796dd-8ww7r,api,998.6,14.17
2026-09-07T12:02:17.454101+00:00,api-869d8796dd-pkx7w,api,559.88,13.82
2026-09-07T12:02:17.454101+00:00,api-869d8796dd-prd8m,api,442.57,13.77
2026-09-07T12:02:17.454101+00:00,api-869d8796dd-zgm8j,api,998.77,14.92
2026-09-07T12:02:32.468243+00:00,api-869d8796dd-8ww7r,api,929.22,13.93
2026-09-07T12:02:32.468243+00:00,api-869d8796dd-pkx7w,api,35.74,14.07
2026-09-07T12:02:32.468243+00:00,api-869d8796dd-prd8m,api,296.31,13.89
2026-09-07T12:02:32.468243+00:00,api-869d8796dd-zgm8j,api,998.12,14.87
2026-09-07T12:02:47.480423+00:00,api-869d8796dd-8ww7r,api,460.72,14.09
2026-09-07T12:02:47.480423+00:00,api-869d8796dd-pkx7w,api,994.72,14.04
2026-09-07T12:02:47.480423+00:00,api-869d8796dd-prd8m,api,997.08,13.9
2026-09-07T12:02:47.480423+00:00,api-869d8796dd-zgm8j,api,998.12,14.87
2026-09-07T12:03:02.497871+00:00,api-869d8796dd-8ww7r,api,998.7,14.02
2026-09-07T12:03:02.497871+00:00,api-869d8796dd-pkx7w,api,994.49,14.02
2026-09-07T12:03:02.497871+00:00,api-869d8796dd-prd8m,api,703.77,14.22
2026-09-07T12:03:02.497871+00:00,api-869d8796dd-zgm8j,api,997.34,14.86
2026-09-07T12:03:17.512906+00:00,api-869d8796dd-8ww7r,api,709.03,14.18
2026-09-07T12:03:17.512906+00:00,api-869d8796dd-pkx7w,api,761.01,13.97
2026-09-07T12:03:17.512906+00:00,api-869d8796dd-prd8m,api,705.23,13.97
2026-09-07T12:03:17.512906+00:00,api-869d8796dd-zgm8j,api,994.16,14.97
2026-09-07T12:03:32.533010+00:00,api-869d8796dd-8ww7r,api,998.48,14.01
2026-09-07T12:03:32.533010+00:00,api-869d8796dd-pkx7w,api,996.73,13.86
2026-09-07T12:03:32.533010+00:00,api-869d8796dd-prd8m,api,993.4,13.87
2026-09-07T12:03:32.533010+00:00,api-869d8796dd-zgm8j,api,997.81,15.0
2026-09-07T12:03:47.548232+00:00,api-869d8796dd-8ww7r,api,997.65,14.14
2026-09-07T12:03:47.548232+00:00,api-869d8796dd-pkx7w,api,996.69,13.84
2026-09-07T12:03:47.548232+00:00,api-869d8796dd-prd8m,api,991.55,13.84
2026-09-07T12:03:47.548232+00:00,api-869d8796dd-zgm8j,api,995.56,15.05
2026-09-07T12:04:02.561159+00:00,api-869d8796dd-8ww7r,api,999.42,14.16
2026-09-07T12:04:02.561159+00:00,api-869d8796dd-pkx7w,api,994.43,13.97
2026-09-07T12:04:02.561159+00:00,api-869d8796dd-prd8m,api,995.46,13.97
2026-09-07T12:04:02.561159+00:00,api-869d8796dd-zgm8j,api,997.08,14.87
2026-09-07T12:04:17.575670+00:00,api-869d8796dd-8ww7r,api,615.33,14.21
2026-09-07T12:04:17.575670+00:00,api-869d8796dd-pkx7w,api,995.04,13.8
2026-09-07T12:04:17.575670+00:00,api-869d8796dd-prd8m,api,798.54,14.0
2026-09-07T12:04:17.575670+00:00,api-869d8796dd-zgm8j,api,997.08,14.87
2026-09-07T12:04:32.588631+00:00,api-869d8796dd-8ww7r,api,998.19,14.18
2026-09-07T12:04:32.588631+00:00,api-869d8796dd-pkx7w,api,996.23,14.08
2026-09-07T12:04:32.588631+00:00,api-869d8796dd-prd8m,api,798.54,14.0
2026-09-07T12:04:32.588631+00:00,api-869d8796dd-zgm8j,api,993.24,14.82
2026-09-07T12:04:47.601862+00:00,api-869d8796dd-8ww7r,api,999.24,14.07
2026-09-07T12:04:47.601862+00:00,api-869d8796dd-pkx7w,api,994.73,13.89
2026-09-07T12:04:47.601862+00:00,api-869d8796dd-prd8m,api,654.01,14.01
2026-09-07T12:04:47.601862+00:00,api-869d8796dd-zgm8j,api,993.24,14.82
2026-09-07T12:05:02.613409+00:00,api-869d8796dd-8ww7r,api,674.57,14.19
2026-09-07T12:05:02.613409+00:00,api-869d8796dd-pkx7w,api,997.55,13.96
2026-09-07T12:05:02.613409+00:00,api-869d8796dd-prd8m,api,654.01,14.01
2026-09-07T12:05:02.613409+00:00,api-869d8796dd-zgm8j,api,920.17,14.8
2026-09-07T12:05:17.627170+00:00,api-869d8796dd-8ww7r,api,721.08,14.07
2026-09-07T12:05:17.627170+00:00,api-869d8796dd-pkx7w,api,541.67,14.24
2026-09-07T12:05:17.627170+00:00,api-869d8796dd-prd8m,api,996.62,13.95
2026-09-07T12:05:17.627170+00:00,api-869d8796dd-zgm8j,api,557.91,15.04
2026-09-07T12:05:32.640267+00:00,api-869d8796dd-8ww7r,api,480.42,14.14
2026-09-07T12:05:32.640267+00:00,api-869d8796dd-pkx7w,api,776.36,13.75
2026-09-07T12:05:32.640267+00:00,api-869d8796dd-prd8m,api,996.92,14.02
2026-09-07T12:05:32.640267+00:00,api-869d8796dd-zgm8j,api,568.22,14.95
2026-09-07T12:05:47.660636+00:00,api-869d8796dd-8ww7r,api,998.1,14.06
2026-09-07T12:05:47.660636+00:00,api-869d8796dd-pkx7w,api,918.7,13.86
2026-09-07T12:05:47.660636+00:00,api-869d8796dd-prd8m,api,996.06,13.91
2026-09-07T12:05:47.660636+00:00,api-869d8796dd-zgm8j,api,995.04,14.92
2026-09-07T12:06:02.692024+00:00,api-869d8796dd-8ww7r,api,999.01,13.95
2026-09-07T12:06:02.692024+00:00,api-869d8796dd-pkx7w,api,685.78,14.0
2026-09-07T12:06:02.692024+00:00,api-869d8796dd-prd8m,api,996.99,13.97
2026-09-07T12:06:02.692024+00:00,api-869d8796dd-zgm8j,api,622.26,14.8
2026-09-07T12:35:39.157543+00:00,api-869d8796dd-8ww7r,api,998.99,14.03
2026-09-07T12:35:39.157543+00:00,api-869d8796dd-pkx7w,api,793.83,13.75
2026-09-07T12:35:39.157543+00:00,api-869d8796dd-prd8m,api,751.06,14.13
2026-09-07T12:35:39.157543+00:00,api-869d8796dd-zgm8j,api,995.61,15.05
2026-09-07T12:35:54.171694+00:00,api-869d8796dd-8ww7r,api,755.65,13.94
2026-09-07T12:35:54.171694+00:00,api-869d8796dd-pkx7w,api,650.78,13.75
2026-09-07T12:35:54.171694+00:00,api-869d8796dd-prd8m,api,751.06,14.13
2026-09-07T12:35:54.171694+00:00,api-869d8796dd-zgm8j,api,986.92,15.05
2026-09-07T12:36:09.197754+00:00,api-869d8796dd-8ww7r,api,520.64,14.17
2026-09-07T12:36:09.197754+00:00,api-869d8796dd-pkx7w,api,611.91,14.0
2026-09-07T12:36:09.197754+00:00,api-869d8796dd-prd8m,api,983.15,13.98
2026-09-07T12:36:09.197754+00:00,api-869d8796dd-zgm8j,api,811.8,14.8
2026-09-07T12:36:24.209456+00:00,api-869d8796dd-8ww7r,api,520.64,14.17
2026-09-07T12:36:24.209456+00:00,api-869d8796dd-pkx7w,api,995.6,13.99
2026-09-07T12:36:24.209456+00:00,api-869d8796dd-prd8m,api,996.95,13.9
2026-09-07T12:36:24.209456+00:00,api-869d8796dd-zgm8j,api,879.19,14.96
2026-09-07T12:36:39.227204+00:00,api-869d8796dd-8ww7r,api,998.69,14.11
2026-09-07T12:36:39.227204+00:00,api-869d8796dd-pkx7w,api,996.88,13.87
2026-09-07T12:36:39.227204+00:00,api-869d8796dd-prd8m,api,585.55,13.79
2026-09-07T12:36:39.227204+00:00,api-869d8796dd-zgm8j,api,596.44,15.04
2026-09-07T12:41:02.064050+00:00,api-869d8796dd-8ww7r,api,567.57,13.94
2026-09-07T12:41:02.064050+00:00,api-869d8796dd-pkx7w,api,834.64,13.9
2026-09-07T12:41:02.064050+00:00,api-869d8796dd-prd8m,api,994.55,13.92
2026-09-07T12:41:02.064050+00:00,api-869d8796dd-zgm8j,api,994.39,14.95
